id,regime,converged,calls
000f45b4c14a6555ad7ba519,generalized_translation,True,370
000f45b4c14a6555ad7ba519,setup_translation,True,156
00d2380a34374b3422379c80,generalized_translation,True,450
0162ffbc7314fa26b0902775,generalized_translation,True,325
0169455d0a4453d4b97b1d38,generalized_translation,True,465
0200bfd1b5ecb7df7c060806,generalized_translation,True,256
020c937c562911454bb27dfc,generalized_translation,True,216
02a20c3874ec9c65b25efcad,generalized_translation,True,450
02f1cac934264cf55582acd2,generalized_translation,True,310
030d52257c4ea1e340c938cc,generalized_translation,True,335
030d52257c4ea1e340c938cc,setup_translation,True,168
032c8a9a77a20ebc81868a34,generalized_translation,True,248
03fad80b24c74c43aa179ec8,generalized_translation,True,310
04436c226ef7ca9fe28e7f74,generalized_translation,True,365
0451b9060958afa436fc7839,generalized_translation,True,325
0451b9060958afa436fc7839,setup_translation,True,138
048155a27ac0d7016e527361,generalized_translation,True,325
0500d6c92019364fd4a1bae8,generalized_translation,True,385
052d9cf739af17b447bf29fa,generalized_translation,True,390
052d9cf739af17b447bf29fa,setup_translation,True,138
05670b06ce9094a0fbda6367,generalized_translation,True,156
059b899b8896d727311f752d,generalized_translation,True,328
05b5df226ac996c259bcfa59,generalized_translation,True,455
05b5df226ac996c259bcfa59,setup_translation,True,183
05b9b5e6d0883db2c84b3560,generalized_translation,True,244
05c4a4bf0aad5cc418f6b6bf,generalized_translation,True,200
06acaaec409d041c4ecca6e5,generalized_translation,True,485
06ed19cae9b77eadb7048661,generalized_translation,True,340
06ed19cae9b77eadb7048661,setup_translation,True,150
0702bd8167b8f647ece9d030,generalized_translation,True,184
078f9aafa4f9e23e2492f753,generalized_translation,True,185
078f9aafa4f9e23e2492f753,setup_translation,True,105
078fd6e9dcc84b3916469b73,generalized_translation,True,395
07c20714da30356a79eb4162,generalized_translation,True,415
07c20714da30356a79eb4162,setup_translation,True,138
07d0329b191ba1743e6b851f,generalized_translation,True,192
0821a610908be53288040c4a,generalized_translation,True,244
08332cf3ddf7e139c1450fda,generalized_translation,True,410
085db578286e17344de3080c,generalized_translation,True,385
086eaae9afc61237661afe3f,generalized_translation,True,252
089d44308b0b16f6c9642b6e,generalized_translation,True,365
089d44308b0b16f6c9642b6e,setup_translation,True,138
08e08fb537915e5615f59ff8,generalized_translation,True,140
08ee26d7fd3d9cc644e25c9c,generalized_translation,True,248
08fa0bd7709e3d02fcc9c671,generalized_translation,True,385
08fd72196c805b534497921d,generalized_translation,True,340
092b0c80797e8497d883aa03,generalized_translation,True,405
092b0c80797e8497d883aa03,setup_translation,True,120
092b4b85d9ded34a19106a98,generalized_translation,True,380
092b4b85d9ded34a19106a98,setup_translation,True,102
0948c8266d8fc105ca06b3aa,generalized_translation,True,310
098f6eb6986dd1bc2f99cdc1,generalized_translation,True,200
0a31698483a14d228791019b,generalized_translation,True,325
0a4aa585e764277c6dd0b045,generalized_translation,True,276
0a4e7c583f6b08ce6477d7a3,generalized_translation,True,355
0a4e7c583f6b08ce6477d7a3,setup_translation,True,135
0a5f6a3234299fd982d32fac,generalized_translation,True,420
0aac37ad0b8193a1f85eeefc,generalized_translation,True,400
0aac37ad0b8193a1f85eeefc,setup_translation,True,135
0b23592aa92d3f0e83181cfa,generalized_translation,True,290
0b8b637795fd965eea6917fd,generalized_translation,True,310
0bd0536d0cd3fd9ffe733649,generalized_translation,True,365
0bd0536d0cd3fd9ffe733649,setup_translation,True,138
0c12707c05f72159da5135d0,generalized_translation,True,415
0c12707c05f72159da5135d0,setup_translation,True,177
0c6ee32f98a6c7cf18290659,generalized_translation,True,184
0c7a80b63187427d2a17541a,generalized_translation,True,400
0c7a80b63187427d2a17541a,setup_translation,True,120
0cb645b8bebe58176b3f0ce8,generalized_translation,True,280
0cd9415df33d4764f21956d1,generalized_translation,True,440
0cf0d884256bf4ea2c323bbb,generalized_translation,True,208
0da16f14e2fc8e0b30c9214b,generalized_translation,True,315
0dc5ca70dcd804f7ceb92488,generalized_translation,True,170
0dc5ca70dcd804f7ceb92488,setup_translation,True,147
0df782cc692c4b7e0a677c9c,generalized_translation,True,375
0e82af60ab3d702432094ee9,generalized_translation,True,370
0ea9dee9e1a0c87c05932d1c,generalized_translation,True,330
0ea9dee9e1a0c87c05932d1c,setup_translation,True,129
0f449c56e6c849035b10b3de,generalized_translation,True,270
0f449c56e6c849035b10b3de,setup_translation,True,111
0f9641226afb460c717e0a33,generalized_translation,True,260
0fd4cc3d63d3725fa3b6c8c9,generalized_translation,True,445
108366890954ad45c2205682,generalized_translation,True,385
108366890954ad45c2205682,setup_translation,True,132
10ebd4fd46b5d97220885c46,generalized_translation,True,430
110110d99c079e8b0ecc398e,generalized_translation,True,180
110bc2b07f3d72bf7e515483,generalized_translation,True,355
111e4d98befc69803e22f856,generalized_translation,True,300
1149e26ddb32c78cc1bcc40b,generalized_translation,True,340
1213779804da6a3116bf2527,generalized_translation,True,390
1213779804da6a3116bf2527,setup_translation,True,132
1249680db2ea83683a5584d7,generalized_translation,True,365
12b1ee229f52d7cc447d61b7,generalized_translation,True,355
12b1ee229f52d7cc447d61b7,setup_translation,True,144
1311560bcf65b5996d5d6309,generalized_translation,True,248
135fd6e5e58e3ef829da2c64,generalized_translation,True,375
1362d18a38d4554fd8846d2f,generalized_translation,True,220
13af1cf711d3f9c944822c3e,generalized_translation,True,430
13b018720d07243ab64e439c,generalized_translation,True,324
13f82bdd75f8bdb10b003532,generalized_translation,True,355
13f82bdd75f8bdb10b003532,setup_translation,True,150
14045d14ddf599b2215c273c,generalized_translation,True,355
14045d14ddf599b2215c273c,setup_translation,True,144
14339722e4d15c4832aa682f,generalized_translation,True,355
14339722e4d15c4832aa682f,setup_translation,True,129
146a26c809d36ac2813b964a,generalized_translation,True,320
148dd8850c03163a349e3fc1,generalized_translation,True,208
149670e7b96174fdbae1581e,generalized_translation,True,450
14b891a2c73cf84141becb75,generalized_translation,True,425
14d9aa0b3794da69415bdcde,generalized_translation,True,292
14edb58dfbd0532b29662c31,generalized_translation,True,340
14edb58dfbd0532b29662c31,setup_translation,True,150
154550a0672a06ae04eb7bf6,generalized_translation,True,400
1548dfbf0de0cc28795ac3eb,generalized_translation,True,405
158eed1d9a3cc0dc728229cd,generalized_translation,True,204
15df0ff271e95a923711b1de,generalized_translation,True,350
160fd304eb294483e81a9897,generalized_translation,True,232
1678585907d3eecec8b54f92,generalized_translation,True,240
16d761ece7d715ee8deac265,generalized_translation,True,212
16eef22cee168dc8977613a0,generalized_translation,True,315
16eef22cee168dc8977613a0,setup_translation,True,141
17172755831e13bac7861d06,generalized_translation,True,465
17194f186d209bd2a23a802f,generalized_translation,True,440
17194f186d209bd2a23a802f,setup_translation,True,141
176772eef66eec046d24bf26,generalized_translation,True,375
17e96a3bbfdc814e791f64fb,generalized_translation,True,355
17e96a3bbfdc814e791f64fb,setup_translation,True,96
1834794ecf7f0889dd874149,generalized_translation,True,405
18405415c47c6ff3cc96a79c,generalized_translation,True,240
184da674a2ef3e96f7aee955,generalized_translation,True,375
184da674a2ef3e96f7aee955,setup_translation,True,120
1874bcdf97eb68caa50b0332,generalized_translation,True,310
1874bcdf97eb68caa50b0332,setup_translation,True,171
1894429c0108101465886d7e,generalized_translation,True,196
189bb60771145cabdd84f848,generalized_translation,True,450
190645ada751758dadcb63ea,generalized_translation,True,350
19499ad23901cd80c2c5622b,generalized_translation,True,440
195698abcf45b4ef7e9c3283,generalized_translation,True,345
19610ec35d781cfc9474cf66,generalized_translation,True,310
19846229fd5451fe1fa32721,generalized_translation,True,204
19e6ce5b5b7ae2d97bef589d,generalized_translation,True,420
19e6ce5b5b7ae2d97bef589d,setup_translation,True,120
19f6742d9d5eb5b626fe0d4a,generalized_translation,True,365
19f6742d9d5eb5b626fe0d4a,setup_translation,True,117
19fc77c11b12679524571462,generalized_translation,True,184
1a24ecc98c1498c7f6277d3d,generalized_translation,True,212
1a2f49e387a9792dc2a5ecae,generalized_translation,True,465
1a6eb128cf3fb0a408414d57,generalized_translation,True,204
1a8396d504426b88196f67ee,generalized_translation,True,430
1ae1797c6ec01d267d1de0fe,generalized_translation,True,360
1b9cc30f2fb5344e05ba5563,generalized_translation,True,204
1c4dc908b7fb7946b21e1e14,generalized_translation,True,345
1c6b9b7d3f49bfd5df6787e2,generalized_translation,True,490
1c74513426c42d697858e90d,generalized_translation,True,196
1c9696d5000c8481e254c76b,generalized_translation,True,400
1d1383796f277ee51d0b8bfb,generalized_translation,True,208
1d52a4f3cbbdc331eb436dd7,generalized_translation,True,330
1d52a4f3cbbdc331eb436dd7,setup_translation,True,114
1d8d14d11f1674879818c7fa,generalized_translation,True,370
1e2d8a0b356a5edbd2305cb0,generalized_translation,True,204
1e4f3c0357f609f8980059ce,generalized_translation,True,420
1e7f39ee1fe2fc3c214a20ab,generalized_translation,True,200
1ed0b4bd67fd2e1576e8808b,generalized_translation,True,310
1ed0b4bd67fd2e1576e8808b,setup_translation,True,123
1ee6e4bb82e5ea8874593f4f,generalized_translation,True,425
1f004c05e7537c1e28dbbc71,generalized_translation,True,370
1f004c05e7537c1e28dbbc71,setup_translation,True,189
1f273d7e23ef0f4ab6228fef,generalized_translation,True,300
1f273d7e23ef0f4ab6228fef,setup_translation,True,135
1f284d9a7abee1eeb30501fa,generalized_translation,True,360
1f3126879607c1ebc9d9d3ba,generalized_translation,True,400
1f6082227b0d6a2bcf8faf06,generalized_translation,True,405
1f6082227b0d6a2bcf8faf06,setup_translation,True,120
1f93314c8316455b8497f834,generalized_translation,True,400
1f9f64221e8a74f2eeabe117,generalized_translation,True,320
1f9f64221e8a74f2eeabe117,setup_translation,True,117
1fac9d757e979daa8063352d,generalized_translation,True,260
1face429d58148e7a2937948,generalized_translation,True,170
1face429d58148e7a2937948,setup_translation,True,123
202e85f665ada6797a66f2cb,generalized_translation,True,315
202e85f665ada6797a66f2cb,setup_translation,True,120
20af9cfa4d2f17fbd8337981,generalized_translation,True,212
20ba89f9420712993463c4bb,generalized_translation,True,260
20cbd6704d7151aeb451fa05,generalized_translation,True,268
20dc7ecb8dda577739c44011,generalized_translation,True,330
20dc7ecb8dda577739c44011,setup_translation,True,93
21069c6e85b74771433f7af2,generalized_translation,True,220
210f49347e1e5f3279099a3e,generalized_translation,True,252
214edff75a2848ea8583103b,generalized_translation,True,405
2165add11becb29c6a7bf258,generalized_translation,True,330
2165add11becb29c6a7bf258,setup_translation,True,114
21b1704cd095d5761a20a69a,generalized_translation,True,595
21b1704cd095d5761a20a69a,setup_translation,True,150
21e7b27fb7f9183886df6dd2,generalized_translation,True,345
21e7b27fb7f9183886df6dd2,setup_translation,True,102
21f4bbfc8146f53775564f9f,generalized_translation,True,545
21fa2ef0a56840db2be053d3,generalized_translation,True,340
21fa2ef0a56840db2be053d3,setup_translation,True,132
2209e427b865f28da9b64678,generalized_translation,True,305
2209e427b865f28da9b64678,setup_translation,True,159
2235d45a62c6a14414aa8397,generalized_translation,True,305
2235d45a62c6a14414aa8397,setup_translation,True,159
226e92a50875f8264e6f4724,generalized_translation,True,330
226e92a50875f8264e6f4724,setup_translation,True,105
22c9b91990d0cd64dab2b397,generalized_translation,True,375
22c9b91990d0cd64dab2b397,setup_translation,True,135
23030c7af4731bec9b41c5c6,generalized_translation,True,375
23030c7af4731bec9b41c5c6,setup_translation,True,126
2328d8b3a476cd53350e099b,generalized_translation,True,184
23f0be44501a637a0536a320,generalized_translation,True,290
23f0be44501a637a0536a320,setup_translation,True,105
23ff3cd11b982132341a14d7,generalized_translation,True,345
23ff3cd11b982132341a14d7,setup_translation,True,123
24266a2126e37f14647f94fc,generalized_translation,True,192
2439fd297371a1fb17bb9f27,generalized_translation,True,240
24b8a9d1935261f4308eca39,generalized_translation,True,244
24ecb532149fa374a6ade0f8,generalized_translation,True,375
24ecb532149fa374a6ade0f8,setup_translation,True,123
2582c3c266d0ee356ae2d2e1,generalized_translation,True,252
25aca306d3fe0a9195f1aab9,generalized_translation,True,375
263f38053d0e43bcff67c613,generalized_translation,True,175
263f38053d0e43bcff67c613,setup_translation,True,102
26502ac80eca863caa9670ac,generalized_translation,True,350
26502ac80eca863caa9670ac,setup_translation,True,138
26530e59aca19c5886c80470,generalized_translation,True,320
26965066e9e944c7f94f3977,generalized_translation,True,235
26965066e9e944c7f94f3977,setup_translation,True,138
26a9b7ac800c3069eed8135d,generalized_translation,True,230
26a9b7ac800c3069eed8135d,setup_translation,True,174
282fcac03b95a911d304fab2,generalized_translation,True,280
282fcac03b95a911d304fab2,setup_translation,True,126
2869af406ca844ce85aaaf50,generalized_translation,True,485
2869af406ca844ce85aaaf50,setup_translation,True,120
28e37391e7741d058dd075ad,generalized_translation,True,555
29080f43edb711a48f72f8e1,generalized_translation,True,400
298828ff8aac184d102fed9d,generalized_translation,True,365
2a8dd7ff6159286dffd6074e,generalized_translation,True,475
2a918757abfc6bda69bf8bda,generalized_translation,True,570
2a9c3d903a8628bef5269ffe,generalized_translation,True,490
2ab6957be5969d8d44722a4c,generalized_translation,True,200
2ab6957be5969d8d44722a4c,setup_translation,True,117
2adc57e8054035c8d2dbb5dc,generalized_translation,True,475
2ae06e57fb81b3c127518efc,generalized_translation,True,335
2b35c706b05c22f5776f3bf9,generalized_translation,True,305
2b35c706b05c22f5776f3bf9,setup_translation,True,132
2b466b1d3c7c34d231fbb8c6,generalized_translation,True,375
2b466b1d3c7c34d231fbb8c6,setup_translation,True,129
2bbb9eb8e167fd450279295c,generalized_translation,True,220
2bbb9eb8e167fd450279295c,setup_translation,True,144
2c82b7c165be135dc7ce45ad,generalized_translation,True,240
2c8f1d579ddc8f0d63122eb3,generalized_translation,True,280
2cc4971efae47887cf9fbcab,generalized_translation,True,390
2d1ffec7a81074131e280f8f,generalized_translation,True,340
2d1ffec7a81074131e280f8f,setup_translation,True,141
2d77037851f5eb42e660ed67,generalized_translation,True,360
2d7b81a6b31bf98acc61ce29,generalized_translation,True,335
2d8340c30f530c58a619d6f9,generalized_translation,True,500
2da952beba5996187f2278a8,generalized_translation,True,350
2dbe019532972333f4943316,generalized_translation,True,335
2dbe019532972333f4943316,setup_translation,True,129
2dce9ec9390790d36eba5104,generalized_translation,True,204
2df4dce9782b329a03207466,generalized_translation,True,248
2e19416a898af081a5520474,generalized_translation,True,485
2e19416a898af081a5520474,setup_translation,True,153
2e43ffecd0c1d7a5b2f197af,generalized_translation,True,465
2e662b3dae6373004eaf059a,generalized_translation,True,415
2e6d1ce70ef5bedee2dd8ad2,generalized_translation,True,485
2e85aed3f7ad32b1eb62b4fe,generalized_translation,True,164
2ecdf7a69f27bf9cb5a16566,generalized_translation,True,276
2f2626ab3fce9e29a0edaf02,generalized_translation,True,204
2f7993ca7092ba0cb23671a2,generalized_translation,True,445
2f8e76e6dbb25fe0f1af41ed,generalized_translation,True,295
2fa64162e4403590ad89104b,generalized_translation,True,208
2fd4af82e6f9a419bff7adbf,generalized_translation,True,485
2fd4af82e6f9a419bff7adbf,setup_translation,True,132
2fe71ac77b88ee5c20d5a861,generalized_translation,True,365
3058acbb47953dc5f20e84d2,generalized_translation,True,224
31541b42633d286d68d46149,generalized_translation,True,485
316940af74967304994bb5e3,generalized_translation,True,635
31bad7fe83273e85c4e4f255,generalized_translation,True,212
31c615bc7a7f12ab15d5fa1b,generalized_translation,True,310
31c615bc7a7f12ab15d5fa1b,setup_translation,True,123
31e1d4504c42819c0c89a05b,generalized_translation,True,405
323a1e24bea553aa8f4f96c5,generalized_translation,True,220
3255dcd60f03b9a7f774bfd0,generalized_translation,True,420
325990468288638b2b66831e,generalized_translation,True,288
32f6d5d61193a3969b091770,generalized_translation,True,320
32f6d5d61193a3969b091770,setup_translation,True,195
33925304add24a952a756755,generalized_translation,True,256
3397426c84dfaf749ba59f7c,generalized_translation,True,375
3397426c84dfaf749ba59f7c,setup_translation,True,120
33e292879990abfbd64e34ee,generalized_translation,True,310
33e292879990abfbd64e34ee,setup_translation,True,129
34524de7acee8cc6a745ab5d,generalized_translation,True,208
345e8ec0223672d327df709d,generalized_translation,True,385
3494226522b6d4b5d3dcce83,generalized_translation,True,455
34f1cdeabfedd831c6278793,generalized_translation,True,335
34f1cdeabfedd831c6278793,setup_translation,True,129
352d86b670ab377a6579c562,generalized_translation,True,208
35aece3a8bae39648be50dba,generalized_translation,True,172
35d99194b634ac31b566bb19,generalized_translation,True,270
35f66eff9d84c7f4a29365da,generalized_translation,True,220
361bb3e70ae0172cd5de2b9a,generalized_translation,True,180
36437639b6a632c812377775,generalized_translation,True,204
36496fb6c814ffb55955abd1,generalized_translation,True,420
36d141bf2b83a1d005130528,generalized_translation,True,236
3799c5b764065a689b1b8e4f,generalized_translation,True,224
382847e34d9d2c4963d50344,generalized_translation,True,425
3842179b789d807185657dbe,generalized_translation,True,420
38f1013e37a98c211dddf434,generalized_translation,True,440
38f1013e37a98c211dddf434,setup_translation,True,141
39039cb076bf3cc37872ab4b,generalized_translation,True,365
39039cb076bf3cc37872ab4b,setup_translation,True,192
397e04ae00fa9abd0f5be873,generalized_translation,True,320
397e04ae00fa9abd0f5be873,setup_translation,True,165
39afd1ab86c4a8434663b0ee,generalized_translation,True,425
39afd1ab86c4a8434663b0ee,setup_translation,True,147
39b59699f849e2fc68076dae,generalized_translation,True,410
39b59699f849e2fc68076dae,setup_translation,True,162
3a7590ec56e99dac5c8e595d,generalized_translation,True,204
3a824b572de6e30218fa2a40,generalized_translation,True,395
3a824b572de6e30218fa2a40,setup_translation,True,120
3ac36a4645e745e47ed213a2,generalized_translation,True,204
3ac60a7369f71816162231b7,generalized_translation,True,256
3b171bafd9fd890f91a3de65,generalized_translation,True,330
3b171bafd9fd890f91a3de65,setup_translation,True,120
3b388404452b3dbbc89dbd07,generalized_translation,True,330
3b388404452b3dbbc89dbd07,setup_translation,True,147
3bef1bd1f63b04dfa129c19f,generalized_translation,True,325
3bef1bd1f63b04dfa129c19f,setup_translation,True,138
3c724ffa14a44d02df09cb34,generalized_translation,True,216
3c84c8ae63ee87edb4a94775,generalized_translation,True,330
3c84c8ae63ee87edb4a94775,setup_translation,True,129
3ca48edf2937c02ac5b0fd8f,generalized_translation,True,300
3cdf94684da92d1af3719963,generalized_translation,True,315
3cdf94684da92d1af3719963,setup_translation,True,141
3d8f685159c088cedae4a2e5,generalized_translation,True,305
3d8f685159c088cedae4a2e5,setup_translation,True,66
3dbebcf0a9931ebacc6be5da,generalized_translation,True,435
3e26ab9d52f6d05aa1bba1a8,generalized_translation,True,275
3e26ab9d52f6d05aa1bba1a8,setup_translation,True,132
3eabc1415a8f987a0dd28631,generalized_translation,True,284
3ed7f3bc3cef4a44e0cdb682,generalized_translation,True,360
3f011bf6e4217e66bd57c6f5,generalized_translation,True,256
3f2c5ec1c3fc39d83891208b,generalized_translation,True,275
3f5328d3c69524070005090b,generalized_translation,True,164
3f8375b5c4fee60fd42e8985,generalized_translation,True,385
3f921bdec803ba940ba5bf38,generalized_translation,True,500
40499a956c2ace1444adf7fe,generalized_translation,True,208
40523ae537bd499e5c52eb76,generalized_translation,True,330
40523ae537bd499e5c52eb76,setup_translation,True,141
40ec20c064ddd4295d672c8a,generalized_translation,True,340
40ec20c064ddd4295d672c8a,setup_translation,True,126
40f7a2dae963529aa6400d56,generalized_translation,True,435
414dbe2b17ed92c8f804433d,generalized_translation,True,180
414e9d5c611f20ceda05d135,generalized_translation,True,475
415ef88a1fcd01566550e5a7,generalized_translation,True,610
41684f9d5547db55f0a856ca,generalized_translation,True,370
41684f9d5547db55f0a856ca,setup_translation,True,126
416d17f3e8b0a680ee447140,generalized_translation,True,256
4182f8cb8b90d6b4fec08f22,generalized_translation,True,220
4254d4b749a57be58ce52dc1,generalized_translation,True,236
427566f8da8852ddb22d0f6f,generalized_translation,True,510
427566f8da8852ddb22d0f6f,setup_translation,True,138
4297f3303ee23d239aa551b2,generalized_translation,True,276
42af40da54db383c9b1c5b1e,generalized_translation,True,256
42e5f77a1f2094f757a235a7,generalized_translation,True,172
42f731c6300c878e7c87c700,generalized_translation,True,385
430b47f0cb6b1ae6183349be,generalized_translation,True,440
432661c5aa924d7e8a6af9e1,generalized_translation,True,276
43554b9f8afbd9f90086dbbe,generalized_translation,True,485
4358c66a4b252ea20e311378,generalized_translation,True,184
448c13ddbee07cf297e32d82,generalized_translation,True,365
448c13ddbee07cf297e32d82,setup_translation,True,138
4492a7a8003e2864cb4e0351,generalized_translation,True,430
4492a7a8003e2864cb4e0351,setup_translation,True,99
44c61e14ab60f60b44381ca3,generalized_translation,True,244
44ff5d8f3af4b39651ffb0b2,generalized_translation,True,445
4505a802c77b0c27455f2ec8,generalized_translation,True,192
452cdea282e1f0d55121bd68,generalized_translation,True,355
452cdea282e1f0d55121bd68,setup_translation,True,222
45433377cb499db1109d81ee,generalized_translation,True,360
45433377cb499db1109d81ee,setup_translation,True,126
455d571835e7b09ba56e0816,generalized_translation,True,148
45ab7312971271f8aa3c8c37,generalized_translation,True,435
45d6500f7a11a1d2687bb9f2,generalized_translation,True,415
45d6500f7a11a1d2687bb9f2,setup_translation,True,120
45fcbe1bf1f295585bd1600f,generalized_translation,True,236
460d954d83ae3e69bc43ac4b,generalized_translation,True,595
460d954d83ae3e69bc43ac4b,setup_translation,True,150
4643c2c1327b9e94d5213fbc,generalized_translation,True,200
46ee4c1bfb653b9072d27b4a,generalized_translation,True,470
4736bfdd2bf0adf13ae6ab6b,generalized_translation,True,196
4747e664c5c1b12c4849d071,generalized_translation,True,264
4758b0ebece8d615c0bb9c1f,generalized_translation,True,232
47da59ab1a4d674702428cba,generalized_translation,True,455
47f1318a3999ae81d1f5d65e,generalized_translation,True,360
47f1318a3999ae81d1f5d65e,setup_translation,True,123
4810e70def912b6cb5f60e8a,generalized_translation,True,260
4815d7d212c389b665d2147d,generalized_translation,True,345
488f43c48861199fd94f80da,generalized_translation,True,270
488f43c48861199fd94f80da,setup_translation,True,117
48a37c5fda7df71cff80f1ed,generalized_translation,True,425
48b8523e7545b50bd1d9a9b2,generalized_translation,True,485
48b8523e7545b50bd1d9a9b2,setup_translation,True,120
493fc28c921a00fcc6a7d34c,generalized_translation,True,415
493fc28c921a00fcc6a7d34c,setup_translation,True,177
494f28b76a0dc48be575ef90,generalized_translation,True,515
49690595c105ee9903da07b0,generalized_translation,True,440
497d2f0799f96a5f9c8e9f8a,generalized_translation,True,152
499d4a8f4bf750ff02b67401,generalized_translation,True,335
49ab4208a82058c77c88e387,generalized_translation,True,360
49b0d4f581f0372780eada69,generalized_translation,True,395
49d23e8301b674e3f1c20c2d,generalized_translation,True,330
49d23e8301b674e3f1c20c2d,setup_translation,True,147
49e2a9bb66d658e3f59f6e5f,generalized_translation,True,216
4a1ec7cdcf244c721490ed40,generalized_translation,True,220
4ac8799ae82becb90e722492,generalized_translation,True,285
4ac8799ae82becb90e722492,setup_translation,True,132
4b84a791bf632f2d3ceaa735,generalized_translation,True,220
4b84a791bf632f2d3ceaa735,setup_translation,True,114
4bd6d014081664c554937cc1,generalized_translation,True,220
4c58481ea68fe617a9e406a8,generalized_translation,True,192
4c978d2c67ac96318b8b72fb,generalized_translation,True,450
4ca368c825a5ba3eee838974,generalized_translation,True,285
4d049ec63f54351b3d8d4e8c,generalized_translation,True,355
4d049ec63f54351b3d8d4e8c,setup_translation,True,114
4d4247136d72708b43304c94,generalized_translation,True,290
4d4247136d72708b43304c94,setup_translation,True,126
4d56871052647144ce2dd271,generalized_translation,True,350
4d56871052647144ce2dd271,setup_translation,True,126
4df8b7b955b4895d1dfe55ff,generalized_translation,True,232
4e561bc1a9cfd7d56c9ae364,generalized_translation,True,320
4e6cb122bf2140855694a1c4,generalized_translation,True,236
4f0e4dd9bfbbc7617c723771,generalized_translation,True,276
4f213059223713a08509b4f2,generalized_translation,True,185
4f213059223713a08509b4f2,setup_translation,True,105
4f81b3efc3bf28b591932451,generalized_translation,True,240
50133ecbf4a7b3bf0d2cce87,generalized_translation,True,470
50600051d3e0f74d6e88fa8b,generalized_translation,True,355
50600051d3e0f74d6e88fa8b,setup_translation,True,150
50639265d554e9d239ee3707,generalized_translation,True,224
506eb4cb145e4b3a087e3387,generalized_translation,True,405
50a54ee6ee2e778a4afaf572,generalized_translation,True,365
50a54ee6ee2e778a4afaf572,setup_translation,True,117
50cd20db98853fb64867c7a2,generalized_translation,True,235
50cd20db98853fb64867c7a2,setup_translation,True,150
50f617fe17991c285e19463b,generalized_translation,True,340
51834f12094b020ba1fa12e3,generalized_translation,True,200
51913f659bee51dd940de2a3,generalized_translation,True,390
51b397a431b5b3ded5bd5064,generalized_translation,True,300
52498871bd9f09ed549e8a72,generalized_translation,True,244
529107d393c84938df0f914a,generalized_translation,True,324
52d3d5959707bbb6e26f84a2,generalized_translation,True,310
52fa5c43c3b9871af65134e5,generalized_translation,True,264
5341cb60b2fea279e6922ff3,generalized_translation,True,290
5341cb60b2fea279e6922ff3,setup_translation,True,105
5379eba1c69e42be6aa1c824,generalized_translation,True,390
541fbe634b104d8823205f7a,generalized_translation,True,365
548262795eadd2aa3d9ad981,generalized_translation,True,370
548262795eadd2aa3d9ad981,setup_translation,True,150
54863cd3c969467334327f7a,generalized_translation,True,415
54863cd3c969467334327f7a,setup_translation,True,138
54a46c5583e0407f8ad4205a,generalized_translation,True,410
54c95d2689344f656cb50c5c,generalized_translation,True,415
555ad8e59c95deb67ae458b6,generalized_translation,True,220
555ad8e59c95deb67ae458b6,setup_translation,True,114
5595d98495419f2a0f6288e7,generalized_translation,True,220
55cc6ca17e5afc189a5a1e8e,generalized_translation,True,295
55f8ba9c49736015c63b6b2b,generalized_translation,True,475
56130886f474617e34ae7bda,generalized_translation,True,310
56130886f474617e34ae7bda,setup_translation,True,123
56698074af10064d019ccfae,generalized_translation,True,450
56698074af10064d019ccfae,setup_translation,True,147
569d7b04bef68aee308d5321,generalized_translation,True,340
56bfbfc32a5ec8ff7c761c2d,generalized_translation,True,216
56cbc274bbcbdcb6f0e8b49b,generalized_translation,True,350
56cbc274bbcbdcb6f0e8b49b,setup_translation,True,138
57309b6427443cbd8caa83a6,generalized_translation,True,236
578ec396fc0daa68465f3617,generalized_translation,True,200
57938d441e07c5d3405bbd16,generalized_translation,True,445
57ba5b34b983a844222c17e5,generalized_translation,True,390
57c7e84249f068e776639c9d,generalized_translation,True,540
5849fa0346c1b210e4218b8c,generalized_translation,True,160
584ac27df2ab8dbe745e9b15,generalized_translation,True,375
58693a260eacc40e96b35f1a,generalized_translation,True,216
58a79b82d48d9dfa41b65a2f,generalized_translation,True,304
5902e6f614f3a729db67c9be,generalized_translation,True,370
596d73b089c9a356ed3cba48,generalized_translation,True,400
596d73b089c9a356ed3cba48,setup_translation,True,99
597cbef9c669886557607af6,generalized_translation,True,360
597cbef9c669886557607af6,setup_translation,True,123
598fa717db1f6f4325efcd8b,generalized_translation,True,345
59975431506332897be295b2,generalized_translation,True,216
59e3ec4d018d8fe186eb8d00,generalized_translation,True,252
5a0c063d6416077fd00abf20,generalized_translation,True,280
5a118babb82fc246a84da522,generalized_translation,True,375
5a442caead037d8511410478,generalized_translation,True,415
5a4b3306db3c0b961a3f2887,generalized_translation,True,315
5a4b3306db3c0b961a3f2887,setup_translation,True,174
5aa3fddd96dbbe1172f425e8,generalized_translation,True,280
5aa74d0ffd3d0103674f19f9,generalized_translation,True,325
5aa74d0ffd3d0103674f19f9,setup_translation,True,108
5aaf311afb95856bf72c2d3b,generalized_translation,True,370
5b08f3c5565a5c1a50b7a270,generalized_translation,True,220
5b1617fc0ce69f1086154b74,generalized_translation,True,420
5b5945c13a0b741e68983c3e,generalized_translation,True,370
5b5945c13a0b741e68983c3e,setup_translation,True,105
5b5f25fcdcecf26dbadca5d9,generalized_translation,True,235
5b5f25fcdcecf26dbadca5d9,setup_translation,True,150
5b664fe9b702b2fda55436de,generalized_translation,True,345
5b664fe9b702b2fda55436de,setup_translation,True,141
5b672370e5049b01f2bd0bd7,generalized_translation,True,244
5b6cbc847af612f05a53dab7,generalized_translation,True,420
5ba6b49f90f5f332b61b0969,generalized_translation,True,315
5ba6b49f90f5f332b61b0969,setup_translation,True,123
5bad6e19f66b3458e1c04f76,generalized_translation,True,445
5bad6e19f66b3458e1c04f76,setup_translation,True,141
5bc1ff34b616e083ad38e4d6,generalized_translation,True,345
5bc1ff34b616e083ad38e4d6,setup_translation,True,177
5c08d72404f108af0bf58be3,generalized_translation,True,325
5c08d72404f108af0bf58be3,setup_translation,True,153
5c236a716292218bdd838a2c,generalized_translation,True,435
5c4e5e5eeb807c04ab98c108,generalized_translation,True,208
5c7ae29e34e555e58642609b,generalized_translation,True,405
5cbd0d2548d3155fc414e4dd,generalized_translation,True,320
5cbd0d2548d3155fc414e4dd,setup_translation,True,168
5cc9dd4d67a0f1ec14663ba1,generalized_translation,True,415
5cc9dd4d67a0f1ec14663ba1,setup_translation,True,177
5cebe7927c8a94952a514fb7,generalized_translation,True,355
5cebe7927c8a94952a514fb7,setup_translation,True,114
5d0f8527d39fc96c3f24e6de,generalized_translation,True,555
5d3728dd7ba0e5f8003ee348,generalized_translation,True,385
5d809c3e33dde11d7a798404,generalized_translation,True,252
5da40b5d14047c609e9a46ed,generalized_translation,True,276
5dd60ae8f548835d5d5a03fd,generalized_translation,True,350
5dd60ae8f548835d5d5a03fd,setup_translation,True,147
5dd969063c14877cf8a7a5b8,generalized_translation,True,410
5de9860a5a743b2d0d22e917,generalized_translation,True,310
5de9860a5a743b2d0d22e917,setup_translation,True,123
5e23617d4cb7c866a214a089,generalized_translation,True,380
5e2447099ebac114cade77f5,generalized_translation,True,310
5e6389faa859006e29a0f34d,generalized_translation,True,370
5f26e9ff4c64ceb6f9670d9f,generalized_translation,True,415
5f35a445cdaf9a1b40892eac,generalized_translation,True,440
5fb6f8788b08e3023a6c8aa7,generalized_translation,True,208
600c1e2cd703191da93dc51d,generalized_translation,True,415
601f8b0ce0db2cd4f854eff3,generalized_translation,True,196
60271d123c87afea57931785,generalized_translation,True,248
608b54da28f6b7efb6c6f64c,generalized_translation,True,248
60c97c48b749777ba41f4b9e,generalized_translation,True,385
60c97c48b749777ba41f4b9e,setup_translation,True,189
613afbbef48aaaa75c488d46,generalized_translation,True,264
615b6865f81a3e5d38ab241c,generalized_translation,True,308
6195ee41f85df2f5c8b6057c,generalized_translation,True,455
61c757f428c4c88f40e2290f,generalized_translation,True,390
6231f555aefa2e7722a98c8c,generalized_translation,True,224
6238a0a78dbec83bb53cec34,generalized_translation,True,315
6238a0a78dbec83bb53cec34,setup_translation,True,114
625f4f5941e1ff7f3335d260,generalized_translation,True,256
625fc33faa2aff5ed2b417fd,generalized_translation,True,355
625fc33faa2aff5ed2b417fd,setup_translation,True,144
62ac5837b0efee126d400875,generalized_translation,True,208
62f37ba80043006520407e80,generalized_translation,True,435
632202e2ec7ef33977d0623b,generalized_translation,True,305
6338bef254badf7d5d59c5e0,generalized_translation,True,475
6338bef254badf7d5d59c5e0,setup_translation,True,141
63cbf811f75c29173d434824,generalized_translation,True,300
63cbf811f75c29173d434824,setup_translation,True,135
6468994d9e7fd881590c9897,generalized_translation,True,296
6483a2b9137bc3089f676b87,generalized_translation,True,485
6483a2b9137bc3089f676b87,setup_translation,True,120
64a1f4de7a38be50c2ec5d4c,generalized_translation,True,390
64a1f4de7a38be50c2ec5d4c,setup_translation,True,138
64e244df54a1625a879e3ee0,generalized_translation,True,264
6506dc72b4eb7e0d4a3d0e78,generalized_translation,True,330
6506dc72b4eb7e0d4a3d0e78,setup_translation,True,147
65201c4d875269214d774802,generalized_translation,True,248
655f861ec4c3f0cbab21ea6d,generalized_translation,True,175
655f861ec4c3f0cbab21ea6d,setup_translation,True,111
65980b0880237454c055e97a,generalized_translation,True,390
65a9ab07f7b65a70c33e50d5,generalized_translation,True,208
65b537c5210e37615bf3d0c5,generalized_translation,True,148
65c8cc44332135c9352ca4de,generalized_translation,True,280
667c876841e93964474f2ce9,generalized_translation,True,485
66b303d935c903d484e54ad7,generalized_translation,True,224
66bc36120bb6f63f2eae1afd,generalized_translation,True,320
675ecbc3a5aadefb0df43594,generalized_translation,True,276
67a8994e57afcba92bb8f592,generalized_translation,True,232
67fc08787f88de6a95302e5f,generalized_translation,True,216
68553124b0b279873d79093b,generalized_translation,True,370
68553124b0b279873d79093b,setup_translation,True,105
6857c761c00a47dcccb9775a,generalized_translation,True,300
687a5bcbb085cb4b4a610eee,generalized_translation,True,175
687a5bcbb085cb4b4a610eee,setup_translation,True,102
6885f723384bb8bb22144ba7,generalized_translation,True,275
68b084046eaf47bab35447a8,generalized_translation,True,310
68b084046eaf47bab35447a8,setup_translation,True,111
68d31953c06abe73fe7237b2,generalized_translation,True,500
68e72468833500f2adbc8e50,generalized_translation,True,204
69c2b6e028b337cb9c213f19,generalized_translation,True,430
69c2b6e028b337cb9c213f19,setup_translation,True,99
69f09537e1576a884cc1440d,generalized_translation,True,385
6abe9d9e73e96482a227d2e1,generalized_translation,True,470
6abe9d9e73e96482a227d2e1,setup_translation,True,105
6b3e64b8e094cf8db19267b8,generalized_translation,True,244
6b806b488df46ff24497d7ba,generalized_translation,True,388
6b86299289bb88d655d26f72,generalized_translation,True,355
6b86299289bb88d655d26f72,setup_translation,True,96
6b944fd1707b570ce61b57c1,generalized_translation,True,425
6c109a5dff6532fd98b254e8,generalized_translation,True,200
6c109a5dff6532fd98b254e8,setup_translation,True,111
6d4f7ca3ab51b9907df1c26e,generalized_translation,True,248
6da831fe668db283cf74ed32,generalized_translation,True,320
6df5f3085da43c4586cb4d85,generalized_translation,True,410
6e0dccc1f4c7e85e6e5c5021,generalized_translation,True,208
6e37702ec85ba68a0f71a19c,generalized_translation,True,248
6e530d26bb6d41aa3cd518be,generalized_translation,True,200
6e530d26bb6d41aa3cd518be,setup_translation,True,117
6ea49883d749e17779c215e1,generalized_translation,True,345
6ea49883d749e17779c215e1,setup_translation,True,123
6efe110835cc61a44c92e74a,generalized_translation,True,180
6f568dde53f03f3600821796,generalized_translation,True,330
6f568dde53f03f3600821796,setup_translation,True,117
7040dbc5f8135c50a63db409,generalized_translation,True,310
7040dbc5f8135c50a63db409,setup_translation,True,111
7077cdb9ebc273886553c6a3,generalized_translation,True,355
7077cdb9ebc273886553c6a3,setup_translation,True,96
708dcba0f0fe720698c896fe,generalized_translation,True,300
70cb205c8f48a70c61cbfd13,generalized_translation,True,400
70e2b4696cabe08a0ec7af72,generalized_translation,True,390
71d956cd1346b08a1668280a,generalized_translation,True,350
72027f0617086529caa9711d,generalized_translation,True,330
72027f0617086529caa9711d,setup_translation,True,147
72297aee2e0427fdb19c30b0,generalized_translation,True,405
736d25a892811a33708615c5,generalized_translation,True,196
740ef3168ce9c731b2ec8eee,generalized_translation,True,200
744e6a1802a939616b10c947,generalized_translation,True,355
744e6a1802a939616b10c947,setup_translation,True,150
74c799145a56acb0c642e899,generalized_translation,True,325
74c799145a56acb0c642e899,setup_translation,True,156
74e7ea6b62916942b361d327,generalized_translation,True,385
74ffae230866b1221e4b6208,generalized_translation,True,295
74ffae230866b1221e4b6208,setup_translation,True,120
7573a0c71cf35899ec80a197,generalized_translation,True,400
7573a0c71cf35899ec80a197,setup_translation,True,99
7587bc3cc5369807a574c97c,generalized_translation,True,380
75aa4de1ea6879eef9abbf95,generalized_translation,True,355
75bcb8586c4e665e8c097a95,generalized_translation,True,380
75f6120138b910ea07e5a9a5,generalized_translation,True,340
75f6120138b910ea07e5a9a5,setup_translation,True,117
763d7fdcd2a22122cff44ff7,generalized_translation,True,270
763d7fdcd2a22122cff44ff7,setup_translation,True,150
7674ca5ac53a0dd856af137f,generalized_translation,True,200
7687b8c53ba6f8da68d330dd,generalized_translation,True,200
7687b8c53ba6f8da68d330dd,setup_translation,True,117
769f3d93afefc8e70b9e2160,generalized_translation,True,440
76fa2c67086f2797f478915b,generalized_translation,True,360
77093f88e3b77b8e73fb7822,generalized_translation,True,160
7736e044be437e0f594d4943,generalized_translation,True,300
774f8e39923807e969fd27ed,generalized_translation,True,296
77f197c9864f73fe0c6b9109,generalized_translation,True,425
793b9a1bdacd36dc7f176b5d,generalized_translation,True,216
7959b0849ac63ecc2381e0cc,generalized_translation,True,395
7983ee040ec0ad41b10162aa,generalized_translation,True,288
798ebb1cdeb3217b27bf267e,generalized_translation,True,390
7a476f0ace65fe88da7e13f9,generalized_translation,True,415
7a476f0ace65fe88da7e13f9,setup_translation,True,225
7af217b5f0a22fa0dd48a0ef,generalized_translation,True,204
7b1801b248216da5db838cf7,generalized_translation,True,425
7b23ed36b99aa93b0243d8db,generalized_translation,True,168
7b3e52412ea610303381ab25,generalized_translation,True,216
7b5899ecbdc2c61f18fc091b,generalized_translation,True,200
7b8a3eaf8d8a8df29745608e,generalized_translation,True,365
7bdfa6af9a49514f82f8c8b6,generalized_translation,True,355
7c9d3b5160c7df14307ccd5d,generalized_translation,True,400
7c9d3b5160c7df14307ccd5d,setup_translation,True,99
7caff46a84cc6de30309665c,generalized_translation,True,455
7cdd44e375a26ab1f2148497,generalized_translation,True,315
7cdd44e375a26ab1f2148497,setup_translation,True,129
7d0e03cd62f7ced3b702c379,generalized_translation,True,360
7d5b9d477d9260c8f0cc930b,generalized_translation,True,248
7dd5d3cc4d36f2ec9631b89d,generalized_translation,True,320
7dd5d3cc4d36f2ec9631b89d,setup_translation,True,165
7ddbf6ca45522f3e9ad974af,generalized_translation,True,585
7ddbf6ca45522f3e9ad974af,setup_translation,True,210
7e32f26895f142306b95abb6,generalized_translation,True,390
7ef7494e3f8909372927074b,generalized_translation,True,375
7ef7494e3f8909372927074b,setup_translation,True,129
7f3c58294ac720e1f1343b7d,generalized_translation,True,236
7f429b1e063a247a89292b78,generalized_translation,True,510
7f5e011c47c5ae7e6c867e4a,generalized_translation,True,252
7f6dee350fa2b9e5a27fdeec,generalized_translation,True,232
7f80d558f97e7b16c264450b,generalized_translation,True,355
7f80d558f97e7b16c264450b,setup_translation,True,120
7fc66f9d6cbc3e4d6b636168,generalized_translation,True,256
7fcbd6e019359a862df5f034,generalized_translation,True,330
7ff47a2a1ad92b0b7e9dce63,generalized_translation,True,204
80a25d8f14ec38c82b2c18b8,generalized_translation,True,185
80a25d8f14ec38c82b2c18b8,setup_translation,True,138
80fdca70f41ecfbcec90c022,generalized_translation,True,232
81144f705901394944ea725b,generalized_translation,True,450
811a6e6b5eb2aa064580b536,generalized_translation,True,370
811a6e6b5eb2aa064580b536,setup_translation,True,129
813a6689f0c7fe565d41473f,generalized_translation,True,200
813e65fc9d41cb175618ef4d,generalized_translation,True,256
8160d651754b6f3134b0dbd4,generalized_translation,True,490
818a35fdcefecb521db0a265,generalized_translation,True,164
818b17b8f4fbebacaec5a080,generalized_translation,True,330
818b17b8f4fbebacaec5a080,setup_translation,True,96
8205cacb3f5c3db70f810e01,generalized_translation,True,435
8209997c8fa1bb4b01379bed,generalized_translation,True,385
8228bb329be9bbf492ad55ad,generalized_translation,True,260
825e59da510beee81211cb9a,generalized_translation,True,485
82a57d0e540ca517bc99adbf,generalized_translation,True,370
82a57d0e540ca517bc99adbf,setup_translation,True,105
82c023a4a49888fc87e269fe,generalized_translation,True,380
82c023a4a49888fc87e269fe,setup_translation,True,102
82c0f4d1e624927baae7c350,generalized_translation,True,345
82c0f4d1e624927baae7c350,setup_translation,True,141
832200eb4f9f3550e45beb15,generalized_translation,True,430
8361b4117cddab16b41575f0,generalized_translation,True,350
8361b4117cddab16b41575f0,setup_translation,True,219
839752cb072b83f0f3f9c6f1,generalized_translation,True,144
839d25ab16e8abb0b1c8a5bc,generalized_translation,True,208
83ba76283444714c44e0b4c5,generalized_translation,True,315
841692c103bc18eb3ea9d6a7,generalized_translation,True,585
841692c103bc18eb3ea9d6a7,setup_translation,True,210
845ef6dc7b02e3a22f6dde78,generalized_translation,True,335
845ef6dc7b02e3a22f6dde78,setup_translation,True,132
8493fd49a3ed0e6a47d27aa2,generalized_translation,True,244
84d59450dd02665b4838e0da,generalized_translation,True,340
84d59450dd02665b4838e0da,setup_translation,True,150
84e0cdd044dfa3d8d1143bfc,generalized_translation,True,460
85201c8d65fc4b9aeba7e7ff,generalized_translation,True,252
853a1753efb4da2003ccb673,generalized_translation,True,335
853a1753efb4da2003ccb673,setup_translation,True,126
854b19143234331679c628f6,generalized_translation,True,180
857107269de47f8eebdfdb14,generalized_translation,True,228
85a2fc88f22cbd4c2389c557,generalized_translation,True,400
85a561b0492d8a784b491e90,generalized_translation,True,375
85a561b0492d8a784b491e90,setup_translation,True,135
85fc289c41ee038174eb815a,generalized_translation,True,325
85fc289c41ee038174eb815a,setup_translation,True,150
862eeabcc2ca7e9b88e7c020,generalized_translation,True,485
862eeabcc2ca7e9b88e7c020,setup_translation,True,132
871a2769dd3e9c9b41d355a3,generalized_translation,True,308
874e34a973b8ffd911e8e079,generalized_translation,True,290
874e34a973b8ffd911e8e079,setup_translation,True,105
8788ae38c3d32bdf7d21a81a,generalized_translation,True,324
87d77b3813f9a38634eec49b,generalized_translation,True,264
87d97c0df4d12a7cfb0353e8,generalized_translation,True,296
882f0224d4c2ef49a7db44b5,generalized_translation,True,170
882f0224d4c2ef49a7db44b5,setup_translation,True,123
8850f00a4274619471731bda,generalized_translation,True,216
88df99263d788daddd57a212,generalized_translation,True,565
890076eb7b9ae39c00cc274a,generalized_translation,True,236
8900afefdbd921a10166c0d5,generalized_translation,True,244
890941abdff01652a0a5a88d,generalized_translation,True,244
8999082bab2902ec2176bd55,generalized_translation,True,385
8999082bab2902ec2176bd55,setup_translation,True,195
89d0fc54d266b6456a655e64,generalized_translation,True,216
89d24a6f417637bf6350e997,generalized_translation,True,470
89d766f382112dc914fae110,generalized_translation,True,248
8a0b6c0eebd1d56c3e0198a3,generalized_translation,True,184
8a122093ae61b0c98aae045d,generalized_translation,True,232
8aa075a6b174fdfb161a2461,generalized_translation,True,425
8ada8ef1559bbc5eb025b392,generalized_translation,True,440
8aef75f486607e8802303333,generalized_translation,True,330
8b05dffaac538d62bb60a9d8,generalized_translation,True,236
8b88fe7dbda5ceb29c15deaf,generalized_translation,True,310
8b88fe7dbda5ceb29c15deaf,setup_translation,True,159
8bc29a43379e560e5e2a4fd6,generalized_translation,True,155
8bc29a43379e560e5e2a4fd6,setup_translation,True,120
8bdd1058787a47f3977e802d,generalized_translation,True,244
8be770f95a44bd475d0cf3e4,generalized_translation,True,170
8be770f95a44bd475d0cf3e4,setup_translation,True,123
8c312e21bd1a655866074081,generalized_translation,True,320
8c312e21bd1a655866074081,setup_translation,True,105
8c5ed3b79b094690407f9a23,generalized_translation,True,405
8c81d6d25f2429d0f553b40c,generalized_translation,True,310
8c81d6d25f2429d0f553b40c,setup_translation,True,171
8cd2b42abaa57c89840ff826,generalized_translation,True,144
8ce2a4d0d0276ede64bec945,generalized_translation,True,340
8ce2a4d0d0276ede64bec945,setup_translation,True,165
8ceeb1935ed325e71f2e97c3,generalized_translation,True,390
8ceeb1935ed325e71f2e97c3,setup_translation,True,138
8d8e1c8fe9a6e0399d47e8a3,generalized_translation,True,320
8d8e1c8fe9a6e0399d47e8a3,setup_translation,True,159
8dc3223c5a42c5bab6bb50b5,generalized_translation,True,455
8dc3223c5a42c5bab6bb50b5,setup_translation,True,183
8dd43e094996ec3d95ec0731,generalized_translation,True,430
8e290cc8a6846713c3411912,generalized_translation,True,330
8e290cc8a6846713c3411912,setup_translation,True,150
8e6935af5ad6514a0849bb5b,generalized_translation,True,495
8e8be4d3928b86695ebd77ec,generalized_translation,True,380
8ebae6b9a13a21bc60bed79f,generalized_translation,True,320
8ed3e3c421750b7ff54f4dcb,generalized_translation,True,176
8ee5d6ece762ac5df5f6c25c,generalized_translation,True,490
8f578a61159f0e6177f8ee57,generalized_translation,True,228
8f868e2c18bf3eadb72daa50,generalized_translation,True,325
8f868e2c18bf3eadb72daa50,setup_translation,True,156
8f9ba0a836273b1b8c02479d,generalized_translation,True,330
8f9ba0a836273b1b8c02479d,setup_translation,True,114
8faa60e51d0325bd47f4da22,generalized_translation,True,196
905481c915459849d2c9ecfd,generalized_translation,True,505
90ce59427442085d6940b0da,generalized_translation,True,410
90ce59427442085d6940b0da,setup_translation,True,144
9109d0ea4eadcc5e8aea6c7e,generalized_translation,True,288
914141a8891f0a5b7541967c,generalized_translation,True,345
9173cbf1da31ee51ecacd96c,generalized_translation,True,400
917af36c889a3275826b48b0,generalized_translation,True,445
917d747ded44f5831f1b1bfd,generalized_translation,True,216
91ba182bd6f68b2f656908fb,generalized_translation,True,365
91e091cc20cfeaac0797eb0e,generalized_translation,True,330
91e091cc20cfeaac0797eb0e,setup_translation,True,198
924e369befe193be095f96c7,generalized_translation,True,268
928c53dd4ea8f43ebed4590b,generalized_translation,True,270
928c53dd4ea8f43ebed4590b,setup_translation,True,150
92946d0f2dd4a0bafde93c50,generalized_translation,True,520
92d5d68ebd185e44d9de3416,generalized_translation,True,320
92d5d68ebd185e44d9de3416,setup_translation,True,165
9318324ea9e8be8189b31aab,generalized_translation,True,216
934b609723b32a57b6bdb2b8,generalized_translation,True,305
93c86a10310958b3c3cae0eb,generalized_translation,True,315
93c86a10310958b3c3cae0eb,setup_translation,True,111
93f241b96a3c8e43683dcc94,generalized_translation,True,335
94017a014d2e5480a73ea7dd,generalized_translation,True,360
94017a014d2e5480a73ea7dd,setup_translation,True,99
946cdb568f40eaf8d51b634e,generalized_translation,True,160
94a1a81aff325c94715a54a2,generalized_translation,True,365
94ec2afb62c4972035bf45fd,generalized_translation,True,370
94fa1bbbaba883af709e2692,generalized_translation,True,324
954cc0e8e7dc7a03febab718,generalized_translation,True,480
958e4b265fcaba7a0dc0b0a7,generalized_translation,True,415
95a27740e470bbbd97830675,generalized_translation,True,335
9664aec309a66d7f5c634a50,generalized_translation,True,240
9679a84344851d8a5e203e05,generalized_translation,True,340
9679a84344851d8a5e203e05,setup_translation,True,132
969dfcb5e11e21e183126151,generalized_translation,True,415
96ab20c7f6eeefe256b3dcf0,generalized_translation,True,310
96ab20c7f6eeefe256b3dcf0,setup_translation,True,171
96c307e1278449504796feeb,generalized_translation,True,330
96c307e1278449504796feeb,setup_translation,True,171
977e66fff508187f516c4b69,generalized_translation,True,184
9805de2d546eff8e32479c7e,generalized_translation,True,340
98abde56a125b79936b0fbe4,generalized_translation,True,320
98abde56a125b79936b0fbe4,setup_translation,True,195
991d8a7907c4d090c73f0731,generalized_translation,True,425
99537052caa239dc735a3bfd,generalized_translation,True,320
99537052caa239dc735a3bfd,setup_translation,True,159
99543040f5cc5489d3e18f67,generalized_translation,True,180
99b6e103c82e79c7d52d7b64,generalized_translation,True,610
99b6e103c82e79c7d52d7b64,setup_translation,True,156
99c61d27920678cd341bc546,generalized_translation,True,320
99c61d27920678cd341bc546,setup_translation,True,120
99d68a30fc96eec0c303bd1a,generalized_translation,True,224
99f3ae0b359c58d8e9a4351c,generalized_translation,True,315
99f3ae0b359c58d8e9a4351c,setup_translation,True,141
9a3fed0478f063ac301ab833,generalized_translation,True,216
9a4e6c77d6b259e4433a94d4,generalized_translation,True,390
9a4e6c77d6b259e4433a94d4,setup_translation,True,201
9a5bf4d83d3f461813a2423b,generalized_translation,True,330
9a5bf4d83d3f461813a2423b,setup_translation,True,114
9a79885a4308881ffb9363e9,generalized_translation,True,420
9ae8c96394bab13f14883ca6,generalized_translation,True,415
9b1ed639e1ea236616f9a41e,generalized_translation,True,348
9b55df75ad84f02ee96255ef,generalized_translation,True,280
9b616fbec6195c5afd2efed3,generalized_translation,True,380
9b616fbec6195c5afd2efed3,setup_translation,True,150
9b8905181e085e966df54cc0,generalized_translation,True,216
9c333606f9ee526228b585ac,generalized_translation,True,204
9c48ef7eb35e768094ce6635,generalized_translation,True,232
9c5023820d69201077a4563e,generalized_translation,True,380
9ccd713e63a69296b06c75dc,generalized_translation,True,355
9d1202185294cf3e738c1772,generalized_translation,True,395
9d1abf2e00d51f638b6e51d0,generalized_translation,True,280
9d20a58149f35bb338aad847,generalized_translation,True,325
9d20a58149f35bb338aad847,setup_translation,True,153
9d53c49f5dcadeeb746f9b92,generalized_translation,True,295
9d698e20ed926e44b302654b,generalized_translation,True,475
9d8d08474a56c6eeae42b4ae,generalized_translation,True,305
9e174d9029f924d3c6fe549d,generalized_translation,True,415
9e174d9029f924d3c6fe549d,setup_translation,True,144
9e20e8e7a4409887168f31f0,generalized_translation,True,395
9e3e7dd7e7468332357967cd,generalized_translation,True,196
9e6fc03385fb9e4eb5ffa473,generalized_translation,True,295
9e6fc03385fb9e4eb5ffa473,setup_translation,True,117
9e708315ea61c5fab90f8869,generalized_translation,True,445
9ea1fb29b99d1a46f2148ce2,generalized_translation,True,345
9ea1fb29b99d1a46f2148ce2,setup_translation,True,168
9ec45a8d48c586e1755e987c,generalized_translation,True,280
9ed76da8adaea3281f7cbd89,generalized_translation,True,360
9ed76da8adaea3281f7cbd89,setup_translation,True,114
9fafa4783721d6dbef919d41,generalized_translation,False,600
9fafa4783721d6dbef919d41,setup_translation,True,156
9ff43a5a37443b1487a6c608,generalized_translation,True,495
a00510c64b3ea100cc77c67f,generalized_translation,True,395
a042507af01f3fc86997d67c,generalized_translation,True,340
a044150d2095e9126f09b4ef,generalized_translation,True,256
a067981c2ec2c27600db6903,generalized_translation,True,204
a08bde86f3bcb1f6a37d6513,generalized_translation,True,200
a0b68f750420fe71b6f56e4a,generalized_translation,True,350
a0b68f750420fe71b6f56e4a,setup_translation,True,177
a0eb928cab7469cd9d088977,generalized_translation,True,350
a0eb928cab7469cd9d088977,setup_translation,True,138
a11a5f6df34ad13da703f446,generalized_translation,True,360
a11a5f6df34ad13da703f446,setup_translation,True,123
a14c964fe500aa97970e79cc,generalized_translation,True,375
a14c964fe500aa97970e79cc,setup_translation,True,120
a18a0db11f94ceeb61b26242,generalized_translation,True,390
a1e1a1dc6b037dc57a4844f0,generalized_translation,True,405
a1e1a1dc6b037dc57a4844f0,setup_translation,True,183
a23424b8687ea3da62ce832c,generalized_translation,True,288
a280a5b765022f6336069db9,generalized_translation,True,360
a280a5b765022f6336069db9,setup_translation,True,129
a2adc0dbb4f04b33cfd48b0d,generalized_translation,True,465
a315a8e24498dd9bcbea201f,generalized_translation,True,415
a4312a694e1bab5737412ac2,generalized_translation,True,224
a43dd3e267210e4820deda6f,generalized_translation,True,340
a43dd3e267210e4820deda6f,setup_translation,True,141
a4b0c99c0caf7d96c36f9cfc,generalized_translation,True,635
a5061d822aca7bae6fdc0f64,generalized_translation,True,295
a5061d822aca7bae6fdc0f64,setup_translation,True,123
a577b5669bf99a6f6de1fb9f,generalized_translation,True,300
a577b5669bf99a6f6de1fb9f,setup_translation,True,135
a57892689ca2b3fcf51d9002,generalized_translation,True,395
a5afe5dceaf7b6b7dc14bcb3,generalized_translation,True,445
a5cf6aeaba4c6a2e2b9417cb,generalized_translation,True,365
a68294c8738e16867508e6ed,generalized_translation,True,310
a68294c8738e16867508e6ed,setup_translation,True,111
a6866a00970ae33c92c103e2,generalized_translation,True,425
a71fd319cea9543753c040d9,generalized_translation,True,204
a85b06e54612cf5caf42ef08,generalized_translation,True,204
a8f09eb7b72e9e599fc9058d,generalized_translation,True,345
a95386b42f98dbeb25998cef,generalized_translation,True,252
a9bbc5ea8d55ddeb805ecb39,generalized_translation,True,410
a9d9e15a5dbcb7a1b46085a8,generalized_translation,True,260
a9db73a45fa6344a03efa7b5,generalized_translation,True,268
aa232f39f38e081128f7c802,generalized_translation,True,370
aa6250d7e10d82b89b8d260a,generalized_translation,True,232
aa641c306e764b967a4de7e9,generalized_translation,True,200
aa796ade466b48d23b25a13a,generalized_translation,True,256
aa9a88d1ea53239049fda3dd,generalized_translation,True,265
aa9a88d1ea53239049fda3dd,setup_translation,True,162
ab0b2d7c3ef194fe040a1063,generalized_translation,True,220
ab0b2d7c3ef194fe040a1063,setup_translation,True,114
ab0f35dc74f7008e3d32e4bf,generalized_translation,True,345
ab0f35dc74f7008e3d32e4bf,setup_translation,True,141
ab1e4183b716f82c369d7d49,generalized_translation,True,315
ab7b81d6d58bb7bae0837de8,generalized_translation,True,355
ab7d8b149f3f3f8362ad1d68,generalized_translation,True,330
ab7d8b149f3f3f8362ad1d68,setup_translation,True,96
aba2c83fcc43c83fd36c740b,generalized_translation,True,164
acd0686f82276d69d6da6ce5,generalized_translation,True,160
ad4fb5cd527eec7273ee94bf,generalized_translation,True,340
ad4fb5cd527eec7273ee94bf,setup_translation,True,150
ad5e4334c2ab314ec11a7e90,generalized_translation,True,300
ad5e4334c2ab314ec11a7e90,setup_translation,True,117
adc0fad31ce125fecab8d113,generalized_translation,True,320
adc0fad31ce125fecab8d113,setup_translation,True,159
aded3f364758358ec36294d1,generalized_translation,True,350
ae3779fc2bdcded768f8a472,generalized_translation,True,305
ae3779fc2bdcded768f8a472,setup_translation,True,132
ae4ce9be63db33067414cf31,generalized_translation,True,300
ae4ce9be63db33067414cf31,setup_translation,True,147
ae5402c9cbaa6a1737f98465,generalized_translation,True,184
aeaa3fc7a5efd424c1ffbf6a,generalized_translation,True,375
af6d2ac93dbc1b390275b203,generalized_translation,True,300
af6d2ac93dbc1b390275b203,setup_translation,True,135
af983df20a06d0ff475fcff1,generalized_translation,True,270
afa7a500698706b5547961d4,generalized_translation,True,216
afb1b68a6ca2fa813a9a662a,generalized_translation,True,320
afb1b68a6ca2fa813a9a662a,setup_translation,True,195
b00851ca7b5be12509a3cdea,generalized_translation,True,375
b00851ca7b5be12509a3cdea,setup_translation,True,123
b03c6bd5cf0f599dd08b4ef2,generalized_translation,True,440
b0962d54572e7a9d894fc741,generalized_translation,True,252
b0b8345cf8b66ee810e6b230,generalized_translation,True,170
b0b8345cf8b66ee810e6b230,setup_translation,True,147
b0f60536d34e7a5b6cf27cee,generalized_translation,True,480
b10930ec83bf4638229f004d,generalized_translation,True,395
b1c9d05a6ff3ee329ba2ff7d,generalized_translation,True,380
b1da90f7536415b351a24c14,generalized_translation,True,350
b1f07c1832b8b91496372622,generalized_translation,True,425
b1f7795fa4856969d1454a72,generalized_translation,True,585
b1f7795fa4856969d1454a72,setup_translation,True,210
b20204edee66c383d3500993,generalized_translation,True,350
b20204edee66c383d3500993,setup_translation,True,177
b216ae2ba451c63097b8a98c,generalized_translation,True,355
b23a107ce96f608560cfc933,generalized_translation,True,260
b25f9315251a8bf0939e631a,generalized_translation,True,465
b2868d0ca38c860c7bf92a08,generalized_translation,True,610
b396bcb55028403a9456d642,generalized_translation,True,256
b41c612d9ea0dc0364f4535f,generalized_translation,True,140
b41c612d9ea0dc0364f4535f,setup_translation,True,153
b4517c275b5e6ed0dac537c5,generalized_translation,True,375
b4517c275b5e6ed0dac537c5,setup_translation,True,135
b4755db8c62a226d8d6e4e99,generalized_translation,True,180
b4755db8c62a226d8d6e4e99,setup_translation,True,114
b480c7948fe75b4128bd7cde,generalized_translation,True,305
b480c7948fe75b4128bd7cde,setup_translation,True,159
b4a914c7ab92c9457e9763d2,generalized_translation,True,170
b4a914c7ab92c9457e9763d2,setup_translation,True,147
b4eb5c2ac4f45677b20039d3,generalized_translation,True,360
b4eb5c2ac4f45677b20039d3,setup_translation,True,177
b4fe6be8f53944d81cbd8652,generalized_translation,True,208
b53e67441714667f20b6a615,generalized_translation,True,220
b58e3e33a9ffc40ca00a106f,generalized_translation,True,340
b5e4a69da274296fb62bc0ae,generalized_translation,True,248
b60eeb3ea82c7cf0fff6ce57,generalized_translation,True,240
b71aff12df34310094b02fd4,generalized_translation,True,204
b76ea04f4b3cd96e8bb72abc,generalized_translation,True,160
b76ea04f4b3cd96e8bb72abc,setup_translation,True,168
b79d4ae8f4cd41c1c7b8f28e,generalized_translation,True,415
b79d4ae8f4cd41c1c7b8f28e,setup_translation,True,168
b7e8ea68273ed15616c917d2,generalized_translation,True,515
b824876f2af95f6ce03f6ce5,generalized_translation,True,415
b824876f2af95f6ce03f6ce5,setup_translation,True,144
b852e90ec746beb7c2340b00,generalized_translation,True,360
b87542d4b5569e53b6a6bda7,generalized_translation,True,300
b87542d4b5569e53b6a6bda7,setup_translation,True,138
b89b25576c2a73cafbf8ad7e,generalized_translation,True,232
b89c03667468bc0480129df1,generalized_translation,True,330
b89c03667468bc0480129df1,setup_translation,True,150
b8e12e23db0e9ada4bcf9037,generalized_translation,True,248
b8e306de9a0b020e8e68458a,generalized_translation,True,330
b8e306de9a0b020e8e68458a,setup_translation,True,129
b9807d874bad1d086452e06e,generalized_translation,True,350
b998f2a0352f302ab3d84324,generalized_translation,True,395
b998f2a0352f302ab3d84324,setup_translation,True,141
b99f4995505d14b4817c5847,generalized_translation,True,415
b9b9d8609be159915fa20280,generalized_translation,True,520
b9ce0191a4e05a8d123b9806,generalized_translation,True,256
ba2044481a7cf377089ef141,generalized_translation,True,340
ba2044481a7cf377089ef141,setup_translation,True,102
ba25b559d77b80ece09f6d72,generalized_translation,True,390
ba5b89a8f4974c3d5b8c1ebc,generalized_translation,True,204
ba68c4c7c389a330256836ac,generalized_translation,True,380
ba945c381016b79494b0edc0,generalized_translation,True,455
ba945c381016b79494b0edc0,setup_translation,True,183
bacfff0da71a31ef3130a84c,generalized_translation,True,185
bacfff0da71a31ef3130a84c,setup_translation,True,150
bae018e68a0dfd11d3b6f219,generalized_translation,True,325
baf5ade9a59daf6190ce673f,generalized_translation,True,300
baf5ade9a59daf6190ce673f,setup_translation,True,135
bb0ddf441f12092cf54bc285,generalized_translation,True,350
bb24eeb3610ba1d1ef714f1c,generalized_translation,True,370
bb24eeb3610ba1d1ef714f1c,setup_translation,True,129
bb27221772a9bbec3b3a06ae,generalized_translation,True,236
bc05a56a64ab5851907db1fe,generalized_translation,True,355
bc1c605bef8273e4186defbb,generalized_translation,True,200
bc2a6ad6342d24f565c51638,generalized_translation,True,160
bc861f5fdd109bd4e7aa9ec3,generalized_translation,True,420
bc861f5fdd109bd4e7aa9ec3,setup_translation,True,120
bcbbe6b496a9102de63c65c7,generalized_translation,True,235
bcbbe6b496a9102de63c65c7,setup_translation,True,150
bcbcb51d3227697db272e7cd,generalized_translation,True,240
bd09e0fade0ff678f433287c,generalized_translation,True,355
bd3dec1f6ef3a3cd067c6621,generalized_translation,True,400
bd9bc33371b2a5d68532d515,generalized_translation,True,370
bd9bc33371b2a5d68532d515,setup_translation,True,189
bdb060b4f2b51c3ce9c2e7ba,generalized_translation,True,360
bdb060b4f2b51c3ce9c2e7ba,setup_translation,True,177
bdda3a5fb602ccb987233cc6,generalized_translation,True,345
bdda3a5fb602ccb987233cc6,setup_translation,True,123
be217c068c81fc7ddeaf7dc6,generalized_translation,True,315
be217c068c81fc7ddeaf7dc6,setup_translation,True,129
be790ba239927942d467fba6,generalized_translation,True,208
be9c7c3ed10ee06b2e0aa3a2,generalized_translation,True,320
bea3aad8dc65327a2b7946af,generalized_translation,True,370
bef4a4d995d87b9ba8af25d7,generalized_translation,True,400
bf08cbc4ad00bbfb059e6b45,generalized_translation,True,385
bf08cbc4ad00bbfb059e6b45,setup_translation,True,114
bf4a89d30f37abf90994e676,generalized_translation,True,515
bf89cc9c5c0d76fc9e534b2f,generalized_translation,True,256
bfaccc5add472ecb5046e78d,generalized_translation,True,240
c009c0244841e370c0fdfc83,generalized_translation,True,204
c067b94b796ec172f6aaad3c,generalized_translation,True,315
c067b94b796ec172f6aaad3c,setup_translation,True,120
c0840ddacba5ddfe90349937,generalized_translation,True,365
c0840ddacba5ddfe90349937,setup_translation,True,162
c084178010b8d0ccc4a5fc11,generalized_translation,True,224
c08955aca663113d91bd6bc1,generalized_translation,True,360
c08955aca663113d91bd6bc1,setup_translation,True,177
c0aebe103383b4690cd681f3,generalized_translation,True,350
c0aebe103383b4690cd681f3,setup_translation,True,174
c0b7c7e4c228cad8c179f0c3,generalized_translation,True,184
c1091847e78144dfd17c733c,generalized_translation,True,375
c1291a2b983c25798e39a658,generalized_translation,True,455
c12b98bcf2b04c374aab60b6,generalized_translation,True,375
c12b98bcf2b04c374aab60b6,setup_translation,True,123
c1683974f341f76f4e9d9211,generalized_translation,True,220
c16da20a679138a0adb0b5c7,generalized_translation,True,430
c1c2cb21ce3d1e7735b352f9,generalized_translation,True,325
c1c2cb21ce3d1e7735b352f9,setup_translation,True,153
c1d7fc5b47ef4a7f8cc14232,generalized_translation,True,420
c1ebb1166720236a6d7983d6,generalized_translation,True,268
c2016d8e7fc275e8e1572785,generalized_translation,True,340
c2519ebe9e8c5d79109976ae,generalized_translation,True,212
c260dcb9eb3a7c1b528fcd5b,generalized_translation,True,380
c260dcb9eb3a7c1b528fcd5b,setup_translation,True,102
c28cafde986b03eda456507e,generalized_translation,True,450
c2cde6f1bc7924469e7e40bc,generalized_translation,True,415
c2cde6f1bc7924469e7e40bc,setup_translation,True,123
c2d464bee53a131ee08e5ee0,generalized_translation,True,228
c2ebcd5ab4bdd2d8d5292dfb,generalized_translation,True,240
c3646d45d8f35114ab696129,generalized_translation,True,370
c3ce9b038029e0b9df052397,generalized_translation,True,305
c45ecd2f1c75c4d7a208ebea,generalized_translation,True,280
c4e233189babc308dc653761,generalized_translation,True,232
c53581ac11c35dd2a3e3e85f,generalized_translation,True,256
c536fb9f335ac93ecf7c00a1,generalized_translation,True,200
c57d7af2953a908950091e33,generalized_translation,True,330
c5c514345640531bd155ce95,generalized_translation,True,380
c5c514345640531bd155ce95,setup_translation,True,150
c5d09d0fd91909a7ae608144,generalized_translation,True,365
c611c0c199bf9391eb1a48bd,generalized_translation,True,370
c63107a8ad42c8bf0b2c3641,generalized_translation,True,310
c63107a8ad42c8bf0b2c3641,setup_translation,True,108
c6c0945e2a85387572094e2c,generalized_translation,True,360
c6c0945e2a85387572094e2c,setup_translation,True,123
c725ad7ebc28ee0f78bd68c8,generalized_translation,True,380
c725ad7ebc28ee0f78bd68c8,setup_translation,True,150
c762dc40d000383d6dfdad37,generalized_translation,True,345
c762dc40d000383d6dfdad37,setup_translation,True,120
c795d2d882b075ecea4471b7,generalized_translation,True,355
c795d2d882b075ecea4471b7,setup_translation,True,144
c7fafbf62220e050edf659ff,generalized_translation,True,248
c85829347fc02ad202efb82d,generalized_translation,True,420
c8704e751781717d4236d1ce,generalized_translation,True,345
c87cfbee7e1c5f08de9f6144,generalized_translation,True,350
c89374d7030846a373d2d25d,generalized_translation,True,425
c89374d7030846a373d2d25d,setup_translation,True,147
c8a66d14a362b7a28e16d3c4,generalized_translation,True,355
c8ebd75c4952b5427996e81e,generalized_translation,True,455
c8ebd75c4952b5427996e81e,setup_translation,True,180
c9677a194326dd4d491c203d,generalized_translation,True,140
c9677a194326dd4d491c203d,setup_translation,True,153
ca1740a6990ab4cd8b92c2be,generalized_translation,True,175
ca1740a6990ab4cd8b92c2be,setup_translation,True,102
caa505443495820eeeb3c5ed,generalized_translation,True,350
caa505443495820eeeb3c5ed,setup_translation,True,138
caadf8a2b884981e197b2e72,generalized_translation,True,330
caadf8a2b884981e197b2e72,setup_translation,True,150
caaf144abd8986f9d9b9b29c,generalized_translation,True,276
cafad41a7915c03a8bb04c71,generalized_translation,True,315
cafad41a7915c03a8bb04c71,setup_translation,True,129
cb0ed71b1ce3a9a264be2b0e,generalized_translation,True,270
cb0ed71b1ce3a9a264be2b0e,setup_translation,True,150
cb1dfe737d363b388d1e8cc1,generalized_translation,True,285
cb46b3e18bb59d167dd7c2ab,generalized_translation,True,315
cb46b3e18bb59d167dd7c2ab,setup_translation,True,168
cb6c3faa35214fb62cdcd921,generalized_translation,True,395
cb6c3faa35214fb62cdcd921,setup_translation,True,141
cbe42d558d076b554b1b3f7b,generalized_translation,True,370
cc45b605b80973a682c26ccc,generalized_translation,True,315
cc45b605b80973a682c26ccc,setup_translation,True,87
cc914b42b2c92c76d0d4d26b,generalized_translation,True,228
cd0a72b206d7392886a705ef,generalized_translation,True,360
cd1086e0f1a8d9e8b795dc7b,generalized_translation,True,220
cd3cd29adc3ef16ccbc880a9,generalized_translation,True,340
cd3cd29adc3ef16ccbc880a9,setup_translation,True,132
cd56ba8e17dba08757a745be,generalized_translation,True,455
cd7cbc53e06ab03b1dc7a789,generalized_translation,True,205
cd7cbc53e06ab03b1dc7a789,setup_translation,True,159
cdcba011e8dcff05497c212c,generalized_translation,True,236
cdebda8b8b778bdbb4eded8e,generalized_translation,True,595
cdebda8b8b778bdbb4eded8e,setup_translation,True,150
ce25a7bd10f956307f7017d5,generalized_translation,True,280
ce29a032d3dccfba34f6ec83,generalized_translation,True,445
ce3393cb7d50864e61f39985,generalized_translation,True,310
ce66f0edd6cf8e98eb78315d,generalized_translation,True,400
cf25ee01bd15d78bf49a65f5,generalized_translation,True,228
cf32bf4d4ff7beda34f63cd8,generalized_translation,True,405
cf364455bc4ad4c069c83d7c,generalized_translation,True,360
cf364455bc4ad4c069c83d7c,setup_translation,True,126
cf7205e2e693e5ca09af5d09,generalized_translation,True,405
cfbcc5144d69a08bbb83d75c,generalized_translation,True,400
cfbcc5144d69a08bbb83d75c,setup_translation,True,99
cfe2e0261c5ab1daa287cef9,generalized_translation,True,330
cfe2e0261c5ab1daa287cef9,setup_translation,True,96
cfee31eafe910e3e74a86bbb,generalized_translation,True,196
d00afea9ae42a5e686faa5ab,generalized_translation,True,220
d02d9231add5990f223ff971,generalized_translation,True,390
d1101669f8de4a8dd4dedf5a,generalized_translation,True,185
d1101669f8de4a8dd4dedf5a,setup_translation,True,105
d111a09b5dfb5514a000477c,generalized_translation,True,240
d13c0016dca4070bd63daac8,generalized_translation,True,355
d13c0016dca4070bd63daac8,setup_translation,True,132
d1ec0df7e52a43c3da0a33f5,generalized_translation,True,280
d308816556a9ad1a310e1eaf,generalized_translation,True,360
d3aa0ff019bafd1442d048be,generalized_translation,True,370
d3c4f379df08ca396089a22a,generalized_translation,True,405
d3c4f379df08ca396089a22a,setup_translation,True,120
d402bb60c6689d02df6b8310,generalized_translation,True,425
d40829d58e4d67dd965c67cd,generalized_translation,True,545
d4f2544e9d6c18fd7760e9b2,generalized_translation,True,240
d4ffff8219ce4835354fd1a9,generalized_translation,True,224
d50b723b8e45e74227005d9a,generalized_translation,True,156
d50ce95730dd5526eac5d064,generalized_translation,True,320
d520e44c2c4b3cf3703375cd,generalized_translation,True,415
d520e44c2c4b3cf3703375cd,setup_translation,True,138
d52db441ae89291ab63d2379,generalized_translation,True,310
d52db441ae89291ab63d2379,setup_translation,True,159
d587cf8b28cf84e2ef009d9a,generalized_translation,True,272
d5b90150e4d7a5f8893b95d6,generalized_translation,True,290
d6e3ab70e34a99dd0dc3e7b7,generalized_translation,True,440
d7587f8c23a7c17508951ee3,generalized_translation,True,295
d7587f8c23a7c17508951ee3,setup_translation,True,123
d7652e4bbca1bdaabddf7f6f,generalized_translation,True,280
d766db5da62b0a68a46634e0,generalized_translation,True,355
d7e0047f5a55faea5305a7ad,generalized_translation,True,425
d85641f543d087941efce239,generalized_translation,True,345
d85641f543d087941efce239,setup_translation,True,141
d8715eaee394b26c5f585dcc,generalized_translation,True,365
d906689480743e734a4e73c9,generalized_translation,True,176
d90679cf25e85045d7d9fef0,generalized_translation,True,390
d91b2dd0b1c2471f56078e17,generalized_translation,True,260
d98e932c813332928a965693,generalized_translation,True,410
d9a5ad074dd83462d9759c8d,generalized_translation,True,390
d9d0e8f3ac64b14a5526b37f,generalized_translation,True,325
d9d0e8f3ac64b14a5526b37f,setup_translation,True,153
da2440bec00db76f2773457c,generalized_translation,True,370
da2440bec00db76f2773457c,setup_translation,True,129
da49e1535d6e6c1c4c3adc61,generalized_translation,True,370
dac0c44b061a4b697663e8f1,generalized_translation,True,375
db3bc09fed09af9e3aed4008,generalized_translation,True,184
dc226ed3624fa3a1f3536c6f,generalized_translation,True,305
dc226ed3624fa3a1f3536c6f,setup_translation,True,159
dc342526729aaf69725572de,generalized_translation,True,240
dc3b9e5d3f049c397a0189a5,generalized_translation,True,216
dc3f96ec51a6c44323503880,generalized_translation,True,204
dc627688f47b1989b6fcba60,generalized_translation,True,390
dca03eede9c44cd9134d96d0,generalized_translation,True,216
dca4688fa33e6b38ad606eca,generalized_translation,True,292
dcab874a6507da6ebd5474e1,generalized_translation,True,320
dcab874a6507da6ebd5474e1,setup_translation,True,135
dcf03d4864778ff23d9ec90c,generalized_translation,True,425
dcf03d4864778ff23d9ec90c,setup_translation,True,147
dd615429cda742af0adb8f28,generalized_translation,True,335
dd615429cda742af0adb8f28,setup_translation,True,138
dd64bcf2f0095d21b18c5c25,generalized_translation,True,204
dd8fe00b546521adcd1c5f26,generalized_translation,True,172
dd923a71955e415607c9d167,generalized_translation,True,315
dd923a71955e415607c9d167,setup_translation,True,141
dda2af2adde5181322f360ee,generalized_translation,True,305
de01a1f0d8c63c0371290877,generalized_translation,True,445
de3d30995ab807075e5e5507,generalized_translation,True,350
de482f6ed3c4012d31d9b039,generalized_translation,True,275
de482f6ed3c4012d31d9b039,setup_translation,True,249
de57c6a4cb829b89c790c450,generalized_translation,True,300
dea08fc442f32b8e60bc24d0,generalized_translation,True,252
df752353dd186dda3ae2fbbb,generalized_translation,True,200
df776880431c6395ef5537fb,generalized_translation,True,420
dfe559483f26c60467c4193e,generalized_translation,True,355
e03ba19cdf7300a8a94cb5ec,generalized_translation,True,450
e06a17ac8316439e84cfd126,generalized_translation,True,236
e079673f6a38335347a8838f,generalized_translation,True,200
e08267e4cc198c308e7e67c9,generalized_translation,True,325
e08267e4cc198c308e7e67c9,setup_translation,True,156
e098c13287bc0b173af44541,generalized_translation,True,340
e098c13287bc0b173af44541,setup_translation,True,180
e0eb33da7585a3068ebd2471,generalized_translation,True,228
e0ec045afe6e9b8e2c25c1e7,generalized_translation,True,248
e173145b5014c52a99165b70,generalized_translation,True,224
e325488941378522d8283f54,generalized_translation,True,180
e33ec8c18b62a2be31084ed9,generalized_translation,True,280
e36a7516163838932c002c8d,generalized_translation,True,395
e38b436c6b1ce435f53b3a0b,generalized_translation,True,355
e38b436c6b1ce435f53b3a0b,setup_translation,True,156
e397f6a3e39ceda68e3e1297,generalized_translation,True,160
e3b36633fda2bfba71c08549,generalized_translation,True,236
e3b9f3cb51adc8c3c9b5f9ec,generalized_translation,True,385
e3cef6f638ee7c299a903a46,generalized_translation,True,330
e3cef6f638ee7c299a903a46,setup_translation,True,147
e3ef0d6ea06d68fdc95b75ad,generalized_translation,True,430
e3f50a6349964d768b0e1412,generalized_translation,True,148
e4049e79127404dee8d8a154,generalized_translation,True,216
e45ef73fae89797ef1baeecb,generalized_translation,True,352
e4d60818d1d1f6c10c9df0a9,generalized_translation,True,475
e53d093cf4c69dc274b83e61,generalized_translation,True,460
e56fd7367008e0ed50afad92,generalized_translation,True,268
e575793c6a584ef63adc209c,generalized_translation,True,295
e575793c6a584ef63adc209c,setup_translation,True,117
e5bc21904f15ce3574887d0c,generalized_translation,True,365
e5bc21904f15ce3574887d0c,setup_translation,True,147
e5cc39a324d6b1058fd8c4c8,generalized_translation,True,212
e5d7ba30aff6f5ced5a6fc73,generalized_translation,True,276
e61feff25f0e5e9d694a0324,generalized_translation,True,268
e68c735f55366413e1757e59,generalized_translation,True,370
e6e2117e68395742a9758a6f,generalized_translation,True,395
e6e2117e68395742a9758a6f,setup_translation,True,144
e70a6a07b84d30575002dbf5,generalized_translation,True,365
e78f7879773c7c477ddd6d5c,generalized_translation,True,410
e7e8f72bae7580fdf8d626a0,generalized_translation,True,420
e7f07310a4faa47b2718e8c1,generalized_translation,True,420
e7f07310a4faa47b2718e8c1,setup_translation,True,120
e7f10759db9497ac1bc0d616,generalized_translation,True,360
e7f10759db9497ac1bc0d616,setup_translation,True,126
e7faec2afbceacc2b54d2edd,generalized_translation,True,250
e7faec2afbceacc2b54d2edd,setup_translation,True,132
e8a6fe1a658ffb6f8700d870,generalized_translation,True,330
e8a6fe1a658ffb6f8700d870,setup_translation,True,147
e958178c67581b4936f40301,generalized_translation,True,365
e987178413642d3faf1792a8,generalized_translation,True,220
e990b0b46fa9232aad4ffdce,generalized_translation,True,252
e99eaade07e879c546c560e7,generalized_translation,True,252
e99eb72c0f9283a6ee83ebca,generalized_translation,True,285
e99eb72c0f9283a6ee83ebca,setup_translation,True,138
e9b125b657682b0abdbc0a4d,generalized_translation,True,390
ea0cf410ad3ff39d1ed33700,generalized_translation,True,220
ea4c98717eb7396d2a8ba75b,generalized_translation,True,208
ea9a23c0d5ee9967b007d3ab,generalized_translation,True,350
ea9a23c0d5ee9967b007d3ab,setup_translation,True,177
eae7f42801604276be356a6c,generalized_translation,True,330
eae7f42801604276be356a6c,setup_translation,True,120
eae8aac9700c81ce6ae85f87,generalized_translation,True,485
eae8aac9700c81ce6ae85f87,setup_translation,True,132
eb2db800a8864dcff33371ee,generalized_translation,True,405
eb66999bc38cb53232a3c84c,generalized_translation,True,252
eba1642e460ed2f5bdf216a4,generalized_translation,True,236
ec2a9be82985c0bee7793d77,generalized_translation,True,300
ec2a9be82985c0bee7793d77,setup_translation,True,141
ed18d80925576c625afcfa19,generalized_translation,True,165
ed18d80925576c625afcfa19,setup_translation,True,180
ed202a9abf0dadfde583f9d6,generalized_translation,True,256
ed2ca44014355bc833024373,generalized_translation,True,295
ed2ca44014355bc833024373,setup_translation,True,123
ed3bf6fabf2767c81dcb72bc,generalized_translation,True,405
ed9504006eb1fa4f7a7868cd,generalized_translation,True,264
ed99be09ca4f9f1257fa5a48,generalized_translation,True,320
edade2880e3bf533bd95dc67,generalized_translation,True,340
edade2880e3bf533bd95dc67,setup_translation,True,141
ee01981352031e4d45a6be3a,generalized_translation,True,440
ee0da28c5226adf9141405a2,generalized_translation,True,164
ee0f084611fb301ead5b3d17,generalized_translation,True,315
ee0f084611fb301ead5b3d17,setup_translation,True,141
ee3a934b79c31ea9d6bdb5da,generalized_translation,True,370
ee3a934b79c31ea9d6bdb5da,setup_translation,True,93
eed27596c7b18581c0da6691,generalized_translation,True,485
ef1bb355a4c5000407aab286,generalized_translation,True,365
ef2710dc603bb4d7b11a7528,generalized_translation,True,276
efa356293160a302137cffb9,generalized_translation,True,315
efa356293160a302137cffb9,setup_translation,True,120
efb50dc85e8e1f7a01e047e9,generalized_translation,True,485
efdf5cbba71dc75e48a6a576,generalized_translation,True,184
efe34a24d65762769a7d2449,generalized_translation,True,204
efeeb8f324e1992e8b98599c,generalized_translation,True,240
f038c5bdbb70ee1ff97699a0,generalized_translation,True,212
f0470dcb1f73ac80840e7221,generalized_translation,True,335
f0470dcb1f73ac80840e7221,setup_translation,True,129
f08e22ffdb34874d7f451b21,generalized_translation,True,295
f08e22ffdb34874d7f451b21,setup_translation,True,123
f0ca0ed3ae0928ca4c54ea90,generalized_translation,True,410
f0ca0ed3ae0928ca4c54ea90,setup_translation,True,147
f1365046c73190d0cde8b4d4,generalized_translation,True,200
f13cee782090b9a1f16167a4,generalized_translation,True,196
f1f30603fda2c329cd2fc4fe,generalized_translation,True,385
f1fc054408683ebfdf004bde,generalized_translation,True,430
f1fc054408683ebfdf004bde,setup_translation,True,117
f2110788ab60a10c258fb58e,generalized_translation,True,335
f2e710cc9bf128cdc7cbf9ee,generalized_translation,True,430
f2fc6b5b3f21cd47cf3cbe60,generalized_translation,True,216
f350dc05007b569e04b5a774,generalized_translation,True,228
f3636d753b6e30577f485340,generalized_translation,True,292
f3931011df0434239ec80730,generalized_translation,True,376
f434f8383c9b2f86a7915ee8,generalized_translation,True,268
f4501340cad9354879e032ea,generalized_translation,True,180
f49bac38ebd0306dafc2d94d,generalized_translation,True,530
f49bac38ebd0306dafc2d94d,setup_translation,True,168
f4d6e4bb0d37194f3d5e4793,generalized_translation,True,440
f4d6e4bb0d37194f3d5e4793,setup_translation,True,141
f51352116622ec00de2cf3b0,generalized_translation,True,485
f521e4655feecb5502b32410,generalized_translation,True,450
f521e4655feecb5502b32410,setup_translation,True,147
f545b4f035d248ae48176e2c,generalized_translation,True,445
f602a776f9faa1da2cde2dff,generalized_translation,True,460
f60be39823e63267632cdd32,generalized_translation,True,268
f66099fe2597f94de2383657,generalized_translation,True,248
f67f393b5e07fe12b24e7b61,generalized_translation,True,420
f6991aa858f9fc7b6dfa93ef,generalized_translation,True,216
f6d03bd61a6002616d47b0d6,generalized_translation,True,345
f72c1ad052b58f74cc252a8f,generalized_translation,True,270
f7e3330a7dcaf6034f1a664a,generalized_translation,True,295
f7e3330a7dcaf6034f1a664a,setup_translation,True,123
f7fbfa9aca96ab2bd8723ff4,generalized_translation,True,390
f7fda180d28faff63cd68588,generalized_translation,True,232
f84dbfa974359dfe8e4feb0f,generalized_translation,True,370
f84dbfa974359dfe8e4feb0f,setup_translation,True,168
f867594b86279d57f79ef85f,generalized_translation,True,310
f867594b86279d57f79ef85f,setup_translation,True,159
f868a45a584958f6508e3538,generalized_translation,True,240
f889abe46adb9060b05234c3,generalized_translation,True,292
f89b773a63eaf3129785db17,generalized_translation,True,520
f8c89126482b2a081530c9ac,generalized_translation,True,252
f92c7549e1e0ae9b8f345fc9,generalized_translation,True,325
f95e56a53d0222dc37713d23,generalized_translation,True,345
f96c45a00680e247b04f24d9,generalized_translation,True,510
f96da2cda53ee39457a428af,generalized_translation,True,420
f96da2cda53ee39457a428af,setup_translation,True,126
f9c181a8fd0e1d28cd9155e3,generalized_translation,True,300
f9c31e098f7cea67692f2f96,generalized_translation,True,148
fa0861c27c31b0c074e42b2d,generalized_translation,True,252
fa1f355eb1d89d51b4403127,generalized_translation,True,208
fa3f16d3b1bceac42270665b,generalized_translation,True,340
fab05310df24753564c4044b,generalized_translation,True,370
fab05310df24753564c4044b,setup_translation,True,189
fad151a60ed396ad3112bbf0,generalized_translation,True,565
fad176be2e0454c3ff5f578d,generalized_translation,True,152
fad7600715ea12bbe0f81ff5,generalized_translation,True,450
fafa17c1c3d2262b1831918f,generalized_translation,True,295
fafa17c1c3d2262b1831918f,setup_translation,True,123
fb0a038d5e969f36e15d8fd8,generalized_translation,True,415
fb0a038d5e969f36e15d8fd8,setup_translation,True,144
fb218569c1a8e36bbdf00369,generalized_translation,True,395
fb218569c1a8e36bbdf00369,setup_translation,True,123
fb50ee5f753dfb2dc267ad3d,generalized_translation,True,192
fc24d098b09fd8a1d383617b,generalized_translation,True,310
fc24d098b09fd8a1d383617b,setup_translation,True,216
fc3bdbb0b923fcad54da369d,generalized_translation,True,375
fc3bdbb0b923fcad54da369d,setup_translation,True,102
fc968b18d0cbf185022f6b4c,generalized_translation,True,280
fd38a590dafe2a6dc04f855b,generalized_translation,True,164
fd401e0c5935672e55504b01,generalized_translation,True,425
fd57c396a1437628f7035437,generalized_translation,True,295
fd57c396a1437628f7035437,setup_translation,True,117
fd8f1c3ad9e9e0ecb61446f8,generalized_translation,True,450
fde11eca4b6e72a15255d6d8,generalized_translation,True,375
fe0cf5a5b17d67d80635159c,generalized_translation,True,360
fe6814bf2b9931061900d023,generalized_translation,True,360
fe6814bf2b9931061900d023,setup_translation,True,153
fe8b28a4867818bdc0e158ca,generalized_translation,True,252
feaab1b2049d11252cd2cdcd,generalized_translation,True,252
feea59561e379e3dcbbdc41c,generalized_translation,True,256
ff101fe35add80cff14d48dd,generalized_translation,True,315
ff23765c503675fa1c1123fd,generalized_translation,True,430
ff23765c503675fa1c1123fd,setup_translation,True,99
ff344e914f4317527a21069b,generalized_translation,True,450
ff344e914f4317527a21069b,setup_translation,True,147
